区域名称,内存地址,坐标X,坐标Y,宽度W,高度H,Tileset ID
MinishWoods,0811C488,186,135,1008,1008,0
MinishVillage,0811C494,0,0,1008,1008,0
MinishVillage,0811C494,63,0,480,416,1
HyruleTown,0811C4AA,93,95,1008,960,0
HyruleTown,0811C4AA,60,196,400,960,1
HyruleField,0811C4C0,63,185,480,208,0
HyruleField,0811C4C0,93,155,1008,688,0
HyruleField,0811C4C0,156,185,480,208,0
HyruleField,0811C4C0,156,169,480,256,0
HyruleField,0811C4C0,156,135,480,544,1
HyruleField,0811C4C0,156,75,720,960,1
HyruleField,0811C4C0,93,45,1008,800,2
HyruleField,0811C4C0,63,75,480,960,0
HyruleField,0811C4C0,63,135,480,640,0
HyruleField,0811C4C0,63,175,480,160,0
CastorWilds,0811C526,0,105,1008,960,0
Ruins,0811C532,0,165,240,528,0
Ruins,0811C532,15,165,240,208,0
Ruins,0811C532,15,178,240,160,0
Ruins,0811C532,15,188,240,160,0
Ruins,0811C532,30,165,528,256,0
Ruins,0811C532,30,181,528,272,0
MtCrenel,0811C570,0,0,1008,224,0
MtCrenel,0811C570,0,14,384,608,0
MtCrenel,0811C570,24,14,624,608,0
MtCrenel,0811C570,0,52,1008,368,0
MtCrenel,0811C570,0,75,1008,480,0
CastleGarden,0811C5A4,93,12,1008,528,0
CloudTops,0811C5B0,186,0,1008,1008,0
CloudTops,0811C5B0,186,0,1008,1008,0
CloudTops,0811C5B0,186,0,1008,1008,0
RoyalValley,0811C5D0,63,12,480,1008,0
RoyalValley,0811C5D0,23,212,240,160,0
VeilFalls,0811C5E6,156,12,480,1008,0
LakeHylia,0811C5F2,201,75,768,960,0
LakeHylia,0811C5F2,186,63,1008,192,0
LakeWoodsCave,0811C608,0,0,1008,1008,0
Beanstalks,0811C614,68,0,240,160,0
Beanstalks,0811C614,17,0,240,160,0
Beanstalks,0811C614,34,0,240,160,0
Beanstalks,0811C614,51,0,240,160,0
Beanstalks,0811C614,0,0,240,160,0
Beanstalks,0811C614,0,0,0,0,65523
Beanstalks,0811C614,0,0,0,0,65523
Beanstalks,0811C614,0,0,480,192,1
Beanstalks,0811C614,0,0,1008,192,2
Beanstalks,0811C614,0,0,480,192,2
Beanstalks,0811C614,0,0,480,1008,2
Beanstalks,0811C614,0,0,480,1008,1
Beanstalks,0811C614,0,0,240,160,1
Beanstalks,0811C614,0,0,0,0,65523
Beanstalks,0811C614,0,0,0,0,65523
Beanstalks,0811C614,0,0,0,0,65523
Beanstalks,0811C614,0,12,240,160,0
Beanstalks,0811C614,17,12,240,160,0
Beanstalks,0811C614,34,12,240,160,0
Beanstalks,0811C614,51,12,240,160,0
Beanstalks,0811C614,68,12,240,160,0
HyruleDigCaves,0811C6EA,0,0,1008,960,0
MelarisMine,0811C6F6,0,0,720,624,0
MinishPaths,0811C702,2,4,240,800,0
MinishPaths,0811C702,22,4,240,800,1
MinishPaths,0811C702,42,4,240,800,2
MinishPaths,0811C702,62,4,240,800,2
MinishPaths,0811C702,80,4,240,800,1
CrenelMinishPaths,0811C736,4,4,240,800,0
CrenelMinishPaths,0811C736,24,4,240,800,0
CrenelMinishPaths,0811C736,44,4,800,192,1
CrenelMinishPaths,0811C736,44,20,800,192,2
DigCaves1,0811C760,0,0,480,544,0
DigCaves1,0811C760,0,0,0,0,65530
DigCaves1,0811C760,0,0,0,0,65530
DigCaves1,0811C760,0,40,480,960,0
CrenelDigCave,0811C78A,0,0,496,512,0
FestivalTown,0811C796,0,0,400,960,0
VeilFallsDigCave,0811C7A2,0,0,480,1008,0
CastorWildsDigCave,0811C7AE,0,0,1008,960,0
OuterFortressOfWinds,0811C7BA,0,0,944,208,0
OuterFortressOfWinds,0811C7BA,0,32,944,320,0
OuterFortressOfWinds,0811C7BA,0,56,944,208,0
OuterFortressOfWinds,0811C7BA,42,16,304,208,0
OuterFortressOfWinds,0811C7BA,0,16,240,208,0
HyliaDigCaves,0811C7EE,0,30,272,256,0
HyliaDigCaves,0811C7EE,0,0,1008,432,0
VeilFallsTop,0811C804,156,0,480,192,0
MinishHouseInteriors,0811C810,21,7,240,160,0
MinishHouseInteriors,0811C810,6,7,240,160,0
MinishHouseInteriors,0811C810,7,20,464,256,1
MinishHouseInteriors,0811C810,38,7,256,160,2
MinishHouseInteriors,0811C810,57,7,256,160,3
MinishHouseInteriors,0811C810,76,7,256,160,4
MinishHouseInteriors,0811C810,95,7,256,160,5
MinishHouseInteriors,0811C810,116,7,240,160,6
MinishHouseInteriors,0811C810,96,21,240,240,7
MinishHouseInteriors,0811C810,116,20,240,368,8
MinishHouseInteriors,0811C810,0,0,0,0,65535
MinishHouseInteriors,0811C810,0,0,0,0,65535
MinishHouseInteriors,0811C810,0,0,0,0,65535
MinishHouseInteriors,0811C810,0,0,0,0,65535
MinishHouseInteriors,0811C810,0,0,0,0,65535
MinishHouseInteriors,0811C810,0,0,0,0,65535
MinishHouseInteriors,0811C810,5,43,240,160,9
MinishHouseInteriors,0811C810,22,43,240,160,10
MinishHouseInteriors,0811C810,40,43,352,160,11
MinishHouseInteriors,0811C810,0,0,0,0,65535
MinishHouseInteriors,0811C810,0,0,0,0,65535
MinishHouseInteriors,0811C810,0,0,0,0,65535
MinishHouseInteriors,0811C810,0,0,0,0,65535
MinishHouseInteriors,0811C810,0,0,0,0,65535
MinishHouseInteriors,0811C810,0,0,0,0,65535
MinishHouseInteriors,0811C810,0,0,0,0,65535
MinishHouseInteriors,0811C810,0,0,0,0,65535
MinishHouseInteriors,0811C810,0,0,0,0,65535
MinishHouseInteriors,0811C810,0,0,0,0,65535
MinishHouseInteriors,0811C810,0,0,0,0,65535
MinishHouseInteriors,0811C810,0,0,0,0,65535
MinishHouseInteriors,0811C810,0,0,0,0,65535
MinishHouseInteriors,0811C810,1,61,240,160,12
MinishHouseInteriors,0811C810,19,61,240,160,13
MinishHouseInteriors,0811C810,37,61,240,160,14
MinishHouseInteriors,0811C810,55,61,240,160,15
MinishHouseInteriors,0811C810,72,61,240,160,16
MinishHouseInteriors,0811C810,91,61,240,160,17
MinishHouseInteriors,0811C810,109,61,240,160,18
MinishHouseInteriors,0811C810,109,49,240,160,19
HouseInteriors1,0811C9A2,0,0,272,192,0
HouseInteriors1,0811C9A2,18,0,240,176,0
HouseInteriors1,0811C9A2,34,0,240,176,0
HouseInteriors1,0811C9A2,51,0,352,256,0
HouseInteriors1,0811C9A2,76,11,336,160,0
HouseInteriors1,0811C9A2,81,0,240,160,0
HouseInteriors1,0811C9A2,97,0,240,160,0
HouseInteriors1,0811C9A2,113,0,240,160,0
HouseInteriors1,0811C9A2,98,11,240,160,0
HouseInteriors1,0811C9A2,113,11,240,448,0
HouseInteriors1,0811C9A2,97,22,240,160,0
HouseInteriors1,0811C9A2,15,16,240,240,0
HouseInteriors1,0811C9A2,30,16,320,176,0
HouseInteriors2,0811CA26,0,0,240,160,0
HouseInteriors2,0811CA26,16,0,240,192,0
HouseInteriors2,0811CA26,32,1,240,192,0
HouseInteriors2,0811CA26,48,0,240,192,0
HouseInteriors2,0811CA26,64,0,240,192,0
HouseInteriors2,0811CA26,80,0,240,176,0
HouseInteriors2,0811CA26,96,0,240,160,0
HouseInteriors2,0811CA26,112,0,240,192,0
HouseInteriors2,0811CA26,0,14,240,176,0
HouseInteriors2,0811CA26,16,14,240,160,0
HouseInteriors2,0811CA26,32,14,240,160,0
HouseInteriors2,0811CA26,48,14,240,160,0
HouseInteriors2,0811CA26,64,14,240,160,0
HouseInteriors2,0811CA26,0,0,0,0,65535
HouseInteriors2,0811CA26,0,0,0,0,65535
HouseInteriors2,0811CA26,0,0,0,0,65535
HouseInteriors2,0811CA26,0,27,240,160,0
HouseInteriors2,0811CA26,15,27,240,160,0
HouseInteriors2,0811CA26,31,27,240,160,1
HouseInteriors2,0811CA26,48,27,240,176,0
HouseInteriors2,0811CA26,65,27,240,160,2
HouseInteriors2,0811CA26,81,27,240,160,0
HouseInteriors3,0811CB04,0,0,240,208,0
HouseInteriors3,0811CB04,16,0,240,208,0
HouseInteriors3,0811CB04,32,0,240,160,0
HouseInteriors3,0811CB04,48,0,240,192,0
HouseInteriors3,0811CB04,64,0,240,160,0
HouseInteriors3,0811CB04,80,0,240,160,0
HouseInteriors3,0811CB04,96,0,240,176,0
HouseInteriors3,0811CB04,0,14,240,160,0
HouseInteriors3,0811CB04,16,14,256,160,0
TreeInteriors,0811CB60,0,23,240,160,0
TreeInteriors,0811CB60,0,0,0,0,65523
TreeInteriors,0811CB60,0,0,0,0,65523
TreeInteriors,0811CB60,0,0,0,0,65523
TreeInteriors,0811CB60,0,0,0,0,65523
TreeInteriors,0811CB60,0,0,0,0,65523
TreeInteriors,0811CB60,0,0,0,0,65523
TreeInteriors,0811CB60,0,0,0,0,65523
TreeInteriors,0811CB60,0,0,0,0,65523
TreeInteriors,0811CB60,0,0,0,0,65523
TreeInteriors,0811CB60,0,0,0,0,65523
TreeInteriors,0811CB60,0,0,0,0,65523
TreeInteriors,0811CB60,0,0,0,0,65523
TreeInteriors,0811CB60,0,0,0,0,65523
TreeInteriors,0811CB60,0,0,0,0,65523
TreeInteriors,0811CB60,0,0,0,0,65523
TreeInteriors,0811CB60,0,0,240,160,0
TreeInteriors,0811CB60,16,0,240,160,0
TreeInteriors,0811CB60,32,0,240,160,0
TreeInteriors,0811CB60,48,0,240,160,0
TreeInteriors,0811CB60,64,0,240,160,0
TreeInteriors,0811CB60,80,0,240,160,0
TreeInteriors,0811CB60,96,0,240,160,0
TreeInteriors,0811CB60,112,0,240,160,0
TreeInteriors,0811CB60,128,0,240,160,0
TreeInteriors,0811CB60,0,11,240,160,0
TreeInteriors,0811CB60,16,11,240,160,0
TreeInteriors,0811CB60,32,11,240,160,0
TreeInteriors,0811CB60,48,11,240,160,0
TreeInteriors,0811CB60,64,11,240,160,0
TreeInteriors,0811CB60,80,11,240,160,0
TreeInteriors,0811CB60,96,11,240,160,0
Dojos,0811CCA2,0,0,240,192,0
Dojos,0811CCA2,16,0,240,192,1
Dojos,0811CCA2,32,0,240,192,2
Dojos,0811CCA2,48,0,240,192,3
Dojos,0811CCA2,64,0,240,192,3
Dojos,0811CCA2,80,0,240,192,2
Dojos,0811CCA2,96,0,240,192,4
Dojos,0811CCA2,112,0,240,160,2
Dojos,0811CCA2,0,13,240,160,2
Dojos,0811CCA2,64,13,240,160,5
Dojos,0811CCA2,80,12,240,160,2
Dojos,0811CCA2,16,12,240,160,1
Dojos,0811CCA2,32,12,240,160,2
Dojos,0811CCA2,48,12,240,160,3
CrenelCaves,0811CD30,0,37,720,480,0
CrenelCaves,0811CD30,55,57,240,176,0
CrenelCaves,0811CD30,78,38,240,496,0
CrenelCaves,0811CD30,105,59,240,192,0
CrenelCaves,0811CD30,6,100,240,160,0
CrenelCaves,0811CD30,29,100,240,160,0
CrenelCaves,0811CD30,52,100,240,192,0
CrenelCaves,0811CD30,72,100,240,176,0
CrenelCaves,0811CD30,94,90,240,320,0
CrenelCaves,0811CD30,117,101,240,160,0
CrenelCaves,0811CD30,3,125,560,160,0
CrenelCaves,0811CD30,47,116,240,352,0
CrenelCaves,0811CD30,69,127,240,160,0
CrenelCaves,0811CD30,91,127,240,160,0
CrenelCaves,0811CD30,114,127,240,160,0
CrenelCaves,0811CD30,6,84,240,160,0
CrenelCaves,0811CD30,30,77,240,272,0
MinishCracks,0811CDDC,0,0,240,160,0
MinishCracks,0811CDDC,16,0,240,160,1
MinishCracks,0811CDDC,32,0,240,160,0
MinishCracks,0811CDDC,48,0,240,160,2
MinishCracks,0811CDDC,64,0,240,160,0
MinishCracks,0811CDDC,80,0,240,160,3
MinishCracks,0811CDDC,96,0,240,160,4
MinishCracks,0811CDDC,112,0,240,160,4
MinishCracks,0811CDDC,0,11,240,160,1
MinishCracks,0811CDDC,16,11,240,160,4
MinishCracks,0811CDDC,32,11,240,160,4
MinishCracks,0811CDDC,48,11,240,160,4
MinishCracks,0811CDDC,64,11,240,160,4
MinishCracks,0811CDDC,80,11,240,160,4
MinishCracks,0811CDDC,96,11,240,160,3
MinishCracks,0811CDDC,112,11,240,160,3
MinishCracks,0811CDDC,0,23,240,160,3
MinishCracks,0811CDDC,16,23,240,160,3
HouseInteriors4,0811CE92,0,0,240,192,0
HouseInteriors4,0811CE92,16,0,240,192,0
HouseInteriors4,0811CE92,32,0,240,160,0
HouseInteriors4,0811CE92,47,0,240,160,0
HouseInteriors4,0811CE92,64,0,240,160,0
HouseInteriors4,0811CE92,80,0,240,192,0
GreatFairies,0811CED0,0,0,240,288,0
GreatFairies,0811CED0,16,0,240,288,1
GreatFairies,0811CED0,32,0,240,288,2
CastorCaves,0811CEF0,8,5,240,192,0
CastorCaves,0811CEF0,5,22,352,160,0
CastorCaves,0811CEF0,28,7,240,160,0
CastorCaves,0811CEF0,32,21,240,160,0
CastorCaves,0811CEF0,53,21,240,160,0
CastorDarknut,0811CF24,0,0,272,208,0
CastorDarknut,0811CF24,0,13,512,160,0
ArmosInteriors,0811CF3A,0,0,240,160,0
ArmosInteriors,0811CF3A,0,12,240,160,0
ArmosInteriors,0811CF3A,0,24,240,160,0
ArmosInteriors,0811CF3A,0,36,240,160,0
ArmosInteriors,0811CF3A,0,48,240,160,0
ArmosInteriors,0811CF3A,0,60,240,160,0
ArmosInteriors,0811CF3A,0,72,240,160,0
ArmosInteriors,0811CF3A,0,84,240,160,0
ArmosInteriors,0811CF3A,0,96,240,160,0
ArmosInteriors,0811CF3A,20,0,240,160,0
ArmosInteriors,0811CF3A,20,12,240,160,0
TownMinishHoles,0811CFAA,10,73,240,160,0
TownMinishHoles,0811CFAA,28,73,240,160,1
TownMinishHoles,0811CFAA,46,73,240,160,2
TownMinishHoles,0811CFAA,65,73,240,160,3
TownMinishHoles,0811CFAA,84,73,240,160,4
TownMinishHoles,0811CFAA,102,73,240,160,5
TownMinishHoles,0811CFAA,0,0,0,0,65515
TownMinishHoles,0811CFAA,0,0,0,0,65515
TownMinishHoles,0811CFAA,0,0,0,0,65515
TownMinishHoles,0811CFAA,0,0,0,0,65515
TownMinishHoles,0811CFAA,0,0,0,0,65515
TownMinishHoles,0811CFAA,0,0,0,0,65515
TownMinishHoles,0811CFAA,0,0,0,0,65515
TownMinishHoles,0811CFAA,0,0,0,0,65515
TownMinishHoles,0811CFAA,0,0,0,0,65515
TownMinishHoles,0811CFAA,0,0,0,0,65515
TownMinishHoles,0811CFAA,19,88,336,448,6
TownMinishHoles,0811CFAA,45,89,240,240,7
TownMinishHoles,0811CFAA,68,89,320,320,8
TownMinishHoles,0811CFAA,0,0,0,0,65515
TownMinishHoles,0811CFAA,0,0,0,0,65515
TownMinishHoles,0811CFAA,0,0,0,0,65515
TownMinishHoles,0811CFAA,0,0,0,0,65515
TownMinishHoles,0811CFAA,0,0,0,0,65515
TownMinishHoles,0811CFAA,0,0,0,0,65515
TownMinishHoles,0811CFAA,0,0,0,0,65515
TownMinishHoles,0811CFAA,0,0,0,0,65515
TownMinishHoles,0811CFAA,0,0,0,0,65515
TownMinishHoles,0811CFAA,0,0,0,0,65515
TownMinishHoles,0811CFAA,0,0,0,0,65515
TownMinishHoles,0811CFAA,0,0,0,0,65515
TownMinishHoles,0811CFAA,0,0,0,0,65515
TownMinishHoles,0811CFAA,45,114,288,192,9
TownMinishHoles,0811CFAA,65,114,288,192,10
TownMinishHoles,0811CFAA,86,114,288,192,11
TownMinishHoles,0811CFAA,107,114,288,192,12
MinishRafters,0811D114,0,0,496,256,0
MinishRafters,0811D114,32,0,496,256,0
MinishRafters,0811D114,64,0,496,256,0
MinishRafters,0811D114,96,0,496,256,0
GoronCave,0811D13E,0,0,240,160,0
GoronCave,0811D13E,16,0,240,720,0
WindTribeTower,0811D154,0,0,240,336,0
WindTribeTower,0811D154,16,0,240,336,0
WindTribeTower,0811D154,32,0,240,336,0
WindTribeTower,0811D154,48,0,240,336,0
WindTribeTowerRoof,0811D17E,0,0,240,416,0
Caves,0811D18A,0,0,336,336,0
Caves,0811D18A,23,0,368,240,0
Caves,0811D18A,47,0,240,160,0
Caves,0811D18A,64,0,240,160,0
Caves,0811D18A,81,0,240,160,0
Caves,0811D18A,98,0,240,160,0
Caves,0811D18A,0,23,240,224,0
Caves,0811D18A,17,26,240,160,0
Caves,0811D18A,37,26,240,160,0
Caves,0811D18A,54,26,240,160,0
Caves,0811D18A,0,40,240,160,0
Caves,0811D18A,16,40,240,160,0
Caves,0811D18A,36,41,240,256,0
Caves,0811D18A,51,41,240,256,0
Caves,0811D18A,70,41,416,160,0
Caves,0811D18A,0,72,240,160,0
Caves,0811D18A,17,72,240,160,0
Caves,0811D18A,35,72,240,160,0
Caves,0811D18A,105,25,240,160,0
Caves,0811D18A,52,72,240,160,0
Caves,0811D18A,96,41,240,160,0
Caves,0811D18A,70,67,240,240,0
Caves,0811D18A,31,97,240,160,0
Caves,0811D18A,49,97,240,160,0
VeilFallsCaves,0811D27C,0,0,336,160,0
VeilFallsCaves,0811D27C,23,0,288,320,0
VeilFallsCaves,0811D27C,41,0,240,208,0
VeilFallsCaves,0811D27C,59,0,384,160,0
VeilFallsCaves,0811D27C,0,45,240,160,0
VeilFallsCaves,0811D27C,0,35,240,160,0
VeilFallsCaves,0811D27C,0,23,240,160,0
VeilFallsCaves,0811D27C,19,27,240,320,0
VeilFallsCaves,0811D27C,36,27,240,320,0
VeilFallsCaves,0811D27C,53,30,240,160,0
RoyalValleyGraves,0811D2E2,0,0,240,160,0
RoyalValleyGraves,0811D2E2,18,0,240,320,0
MinishCaves,0811D2F8,0,0,304,480,0
MinishCaves,0811D2F8,26,17,240,560,0
MinishCaves,0811D2F8,26,0,240,272,0
MinishCaves,0811D2F8,45,0,656,240,0
MinishCaves,0811D2F8,92,0,240,240,0
MinishCaves,0811D2F8,15,59,240,320,0
MinishCaves,0811D2F8,0,59,240,320,0
MinishCaves,0811D2F8,48,50,496,480,0
MinishCaves,0811D2F8,54,30,960,160,0
MinishCaves,0811D2F8,85,51,624,320,0
CastleGardenMinishHoles,0811D35E,0,0,240,240,0
CastleGardenMinishHoles,0811D35E,19,0,240,240,0
37,0811D374,0,0,240,240,0
37,0811D374,20,0,240,240,0
EzloCutscene,0811D38A,0,0,240,320,0
40,0811D396,1,2,304,272,0
40,0811D396,20,2,368,272,0
40,0811D396,43,2,304,272,0
40,0811D396,1,19,304,272,0
40,0811D396,20,19,368,272,0
40,0811D396,43,19,304,272,0
40,0811D396,19,36,656,256,0
40,0811D396,19,52,400,208,0
40,0811D396,3,36,256,256,0
HyruleTownUnderground,0811D3F2,17,11,720,640,0
HyruleTownUnderground,0811D3F2,34,54,240,160,0
GardenFountains,0811D408,0,0,240,160,0
GardenFountains,0811D408,18,0,240,160,0
HyruleCastleCellar,0811D41E,0,0,240,512,0
HyruleCastleCellar,0811D41E,15,0,240,256,0
SimonsSimulation,0811D434,0,0,304,240,0
45,0811D440,0,0,272,240,0
46,0811D44C,1,2,304,272,0
46,0811D44C,20,2,368,272,0
46,0811D44C,43,2,304,272,0
46,0811D44C,1,19,304,272,0
46,0811D44C,20,19,368,272,0
46,0811D44C,43,19,304,272,0
46,0811D44C,3,36,912,256,0
46,0811D44C,17,52,464,208,0
47,0811D49E,0,40,368,208,0
47,0811D49E,0,25,368,240,0
47,0811D49E,0,0,368,400,1
DeepwoodShrine,0811D4BE,33,153,272,240,0
DeepwoodShrine,0811D4BE,50,153,400,240,0
DeepwoodShrine,0811D4BE,75,153,336,240,0
DeepwoodShrine,0811D4BE,16,168,272,240,0
DeepwoodShrine,0811D4BE,16,183,272,160,0
DeepwoodShrine,0811D4BE,33,168,272,400,0
DeepwoodShrine,0811D4BE,50,168,464,400,0
DeepwoodShrine,0811D4BE,79,168,272,400,0
DeepwoodShrine,0811D4BE,96,168,272,192,0
DeepwoodShrine,0811D4BE,96,180,272,208,0
DeepwoodShrine,0811D4BE,54,193,336,272,0
DeepwoodShrine,0811D4BE,54,227,336,272,0
DeepwoodShrine,0811D4BE,0,0,0,0,65535
DeepwoodShrine,0811D4BE,0,0,0,0,65535
DeepwoodShrine,0811D4BE,0,0,0,0,65535
DeepwoodShrine,0811D4BE,0,0,0,0,65535
DeepwoodShrine,0811D4BE,54,210,336,272,0
DeepwoodShrine,0811D4BE,46,284,400,240,0
DeepwoodShrine,0811D4BE,71,284,336,240,0
DeepwoodShrine,0811D4BE,0,0,272,192,0
DeepwoodShrine,0811D4BE,46,299,464,400,0
DeepwoodShrine,0811D4BE,75,299,272,288,0
DeepwoodShrine,0811D4BE,56,84,272,240,1
DeepwoodShrine,0811D4BE,54,99,336,272,0
DeepwoodShrine,0811D4BE,0,0,0,0,65535
DeepwoodShrine,0811D4BE,0,0,0,0,65535
DeepwoodShrine,0811D4BE,0,0,0,0,65535
DeepwoodShrine,0811D4BE,0,0,0,0,65535
DeepwoodShrine,0811D4BE,0,0,0,0,65535
DeepwoodShrine,0811D4BE,0,0,0,0,65535
DeepwoodShrine,0811D4BE,0,0,0,0,65535
DeepwoodShrine,0811D4BE,0,0,0,0,65535
DeepwoodShrine,0811D4BE,185,176,240,160,0
DeepwoodShrineBoss,0811D60A,56,84,272,240,0
DeepwoodShrineEntry,0811D616,0,0,240,240,0
4D,0811D622,29,13,656,640,0
CaveOfFlames,0811D62E,21,153,368,272,0
CaveOfFlames,0811D62E,44,153,368,272,0
CaveOfFlames,0811D62E,21,170,736,208,0
CaveOfFlames,0811D62E,90,71,272,208,0
CaveOfFlames,0811D62E,64,183,880,272,0
CaveOfFlames,0811D62E,90,58,272,208,0
CaveOfFlames,0811D62E,21,183,688,272,0
CaveOfFlames,0811D62E,6,183,240,272,0
CaveOfFlames,0811D62E,21,200,368,448,0
CaveOfFlames,0811D62E,44,200,368,448,0
CaveOfFlames,0811D62E,0,0,0,0,65535
CaveOfFlames,0811D62E,0,0,0,0,65535
CaveOfFlames,0811D62E,0,0,0,0,65535
CaveOfFlames,0811D62E,0,0,0,0,65535
CaveOfFlames,0811D62E,0,0,0,0,65535
CaveOfFlames,0811D62E,0,0,0,0,65535
CaveOfFlames,0811D62E,4,315,672,480,0
CaveOfFlames,0811D62E,4,345,672,240,0
CaveOfFlames,0811D62E,46,315,336,240,0
CaveOfFlames,0811D62E,67,315,336,240,0
CaveOfFlames,0811D62E,88,315,336,240,0
CaveOfFlames,0811D62E,107,58,240,208,0
CaveOfFlames,0811D62E,107,71,240,208,0
CaveOfFlames,0811D62E,46,330,672,480,0
CaveOfFlamesBoss,0811D720,44,442,384,288,0
57,0811D72C,0,0,640,640,0
FortressOfWinds,0811D738,22,63,272,208,0
FortressOfWinds,0811D738,56,63,272,208,0
FortressOfWinds,0811D738,70,63,608,432,0
FortressOfWinds,0811D738,22,76,272,224,0
FortressOfWinds,0811D738,39,76,496,224,0
FortressOfWinds,0811D738,39,178,272,208,1
FortressOfWinds,0811D738,73,178,272,208,1
FortressOfWinds,0811D738,0,0,0,0,65535
FortressOfWinds,0811D738,0,0,0,0,65535
FortressOfWinds,0811D738,0,0,0,0,65535
FortressOfWinds,0811D738,0,0,0,0,65535
FortressOfWinds,0811D738,0,0,0,0,65535
FortressOfWinds,0811D738,0,0,0,0,65535
FortressOfWinds,0811D738,0,0,0,0,65535
FortressOfWinds,0811D738,0,0,0,0,65535
FortressOfWinds,0811D738,0,0,0,0,65535
FortressOfWinds,0811D738,22,165,272,208,0
FortressOfWinds,0811D738,39,165,272,208,0
FortressOfWinds,0811D738,56,165,272,416,0
FortressOfWinds,0811D738,73,165,272,208,0
FortressOfWinds,0811D738,90,165,272,416,0
FortressOfWinds,0811D738,22,178,272,208,0
FortressOfWinds,0811D738,53,50,368,208,0
FortressOfWinds,0811D738,22,191,272,208,0
FortressOfWinds,0811D738,39,191,272,208,0
FortressOfWinds,0811D738,56,191,272,416,0
FortressOfWinds,0811D738,73,191,272,208,0
FortressOfWinds,0811D738,90,191,272,208,0
FortressOfWinds,0811D738,39,204,272,208,0
FortressOfWinds,0811D738,73,204,272,208,0
FortressOfWinds,0811D738,0,0,0,0,65535
FortressOfWinds,0811D738,0,0,0,0,65535
FortressOfWinds,0811D738,40,332,240,208,0
FortressOfWinds,0811D738,57,332,240,208,0
FortressOfWinds,0811D738,75,332,240,208,0
FortressOfWinds,0811D738,22,332,240,208,0
FortressOfWinds,0811D738,90,332,256,208,0
FortressOfWindsTop,0811D8AC,0,0,320,480,0
InnerMazaal,0811D8B8,0,0,272,304,0
InnerMazaal,0811D8B8,0,21,272,304,0
5F,0811D8CE,43,24,640,640,0
TempleOfDroplets,0811D8DA,39,12,272,208,0
TempleOfDroplets,0811D8DA,56,12,272,208,0
TempleOfDroplets,0811D8DA,73,12,272,208,0
TempleOfDroplets,0811D8DA,48,25,528,416,0
TempleOfDroplets,0811D8DA,31,38,272,208,0
TempleOfDroplets,0811D8DA,81,38,272,208,0
TempleOfDroplets,0811D8DA,16,51,240,416,0
TempleOfDroplets,0811D8DA,31,51,272,416,0
TempleOfDroplets,0811D8DA,48,51,528,576,0
TempleOfDroplets,0811D8DA,81,51,272,208,0
TempleOfDroplets,0811D8DA,98,51,240,624,0
TempleOfDroplets,0811D8DA,81,64,272,208,0
TempleOfDroplets,0811D8DA,16,77,240,208,0
TempleOfDroplets,0811D8DA,31,77,272,416,0
TempleOfDroplets,0811D8DA,48,87,528,256,0
TempleOfDroplets,0811D8DA,81,77,272,208,0
TempleOfDroplets,0811D8DA,81,90,272,208,0
TempleOfDroplets,0811D8DA,85,322,240,208,0
TempleOfDroplets,0811D8DA,0,0,0,0,65535
TempleOfDroplets,0811D8DA,0,0,0,0,65535
TempleOfDroplets,0811D8DA,0,0,0,0,65535
TempleOfDroplets,0811D8DA,0,0,0,0,65535
TempleOfDroplets,0811D8DA,0,0,0,0,65535
TempleOfDroplets,0811D8DA,0,0,0,0,65535
TempleOfDroplets,0811D8DA,0,0,0,0,65535
TempleOfDroplets,0811D8DA,0,0,0,0,65535
TempleOfDroplets,0811D8DA,0,0,0,0,65535
TempleOfDroplets,0811D8DA,0,0,0,0,65535
TempleOfDroplets,0811D8DA,0,0,0,0,65535
TempleOfDroplets,0811D8DA,0,0,0,0,65535
TempleOfDroplets,0811D8DA,0,0,0,0,65535
TempleOfDroplets,0811D8DA,0,0,0,0,65535
TempleOfDroplets,0811D8DA,39,140,544,208,0
TempleOfDroplets,0811D8DA,73,140,272,208,0
TempleOfDroplets,0811D8DA,48,153,528,208,0
TempleOfDroplets,0811D8DA,64,166,272,208,0
TempleOfDroplets,0811D8DA,31,166,272,416,0
TempleOfDroplets,0811D8DA,81,166,272,208,0
TempleOfDroplets,0811D8DA,1,178,240,640,0
TempleOfDroplets,0811D8DA,16,178,240,224,0
TempleOfDroplets,0811D8DA,48,179,528,624,0
TempleOfDroplets,0811D8DA,81,179,272,208,0
TempleOfDroplets,0811D8DA,98,179,240,208,0
TempleOfDroplets,0811D8DA,113,179,240,624,0
TempleOfDroplets,0811D8DA,16,192,240,208,0
TempleOfDroplets,0811D8DA,31,192,272,208,0
TempleOfDroplets,0811D8DA,81,192,272,208,0
TempleOfDroplets,0811D8DA,98,192,240,208,0
TempleOfDroplets,0811D8DA,16,205,240,208,0
TempleOfDroplets,0811D8DA,31,205,272,432,0
TempleOfDroplets,0811D8DA,81,205,272,208,0
TempleOfDroplets,0811D8DA,98,205,240,208,0
TempleOfDroplets,0811D8DA,48,218,528,224,0
TempleOfDroplets,0811D8DA,81,218,272,224,0
TempleOfDroplets,0811D8DA,48,166,256,208,0
61,0811DB02,0,0,240,240,0
HyruleTownMinishCaves,0811DB0E,49,64,384,272,0
HyruleTownMinishCaves,0811DB0E,49,49,384,240,0
HyruleTownMinishCaves,0811DB0E,73,64,272,272,0
HyruleTownMinishCaves,0811DB0E,73,49,272,240,0
HyruleTownMinishCaves,0811DB0E,34,49,240,240,0
HyruleTownMinishCaves,0811DB0E,0,0,0,0,65535
HyruleTownMinishCaves,0811DB0E,0,0,0,0,65535
HyruleTownMinishCaves,0811DB0E,0,0,0,0,65535
HyruleTownMinishCaves,0811DB0E,0,0,0,0,65535
HyruleTownMinishCaves,0811DB0E,0,0,0,0,65535
HyruleTownMinishCaves,0811DB0E,0,0,0,0,65535
HyruleTownMinishCaves,0811DB0E,0,0,0,0,65535
HyruleTownMinishCaves,0811DB0E,0,0,0,0,65535
HyruleTownMinishCaves,0811DB0E,0,0,0,0,65535
HyruleTownMinishCaves,0811DB0E,0,0,0,0,65535
HyruleTownMinishCaves,0811DB0E,0,0,0,0,65535
HyruleTownMinishCaves,0811DB0E,51,172,336,208,0
HyruleTownMinishCaves,0811DB0E,72,172,272,208,0
HyruleTownMinishCaves,0811DB0E,36,186,240,208,0
HyruleTownMinishCaves,0811DB0E,51,185,336,224,0
HyruleTownMinishCaves,0811DB0E,72,185,272,224,0
HyruleTownMinishCaves,0811DB0E,51,199,336,320,0
67,0811DBEC,0,0,240,160,0
67,0811DBEC,0,10,240,160,0
67,0811DBEC,0,20,240,160,0
67,0811DBEC,0,30,240,160,0
67,0811DBEC,0,40,240,240,0
67,0811DBEC,0,55,240,240,0
RoyalCrypt,0811DC2A,6,1,560,304,0
RoyalCrypt,0811DC2A,15,20,272,224,0
RoyalCrypt,0811DC2A,13,34,336,320,0
RoyalCrypt,0811DC2A,0,0,336,288,0
RoyalCrypt,0811DC2A,5,54,592,384,0
RoyalCrypt,0811DC2A,0,0,592,160,0
RoyalCrypt,0811DC2A,0,0,592,160,0
RoyalCrypt,0811DC2A,15,78,272,352,0
RoyalCrypt,0811DC2A,15,100,272,160,0
6F,0811DC86,0,0,640,640,0
PalaceOfWinds,0811DC92,65,19,720,480,0
PalaceOfWinds,0811DC92,35,49,240,160,0
PalaceOfWinds,0811DC92,50,45,240,224,0
PalaceOfWinds,0811DC92,65,49,720,160,0
PalaceOfWinds,0811DC92,110,49,240,160,0
PalaceOfWinds,0811DC92,5,59,240,480,0
PalaceOfWinds,0811DC92,20,59,240,480,0
PalaceOfWinds,0811DC92,35,59,240,480,0
PalaceOfWinds,0811DC92,50,59,240,320,0
PalaceOfWinds,0811DC92,65,59,240,160,0
PalaceOfWinds,0811DC92,50,79,240,208,0
PalaceOfWinds,0811DC92,65,69,240,160,0
PalaceOfWinds,0811DC92,50,611,240,256,0
PalaceOfWinds,0811DC92,65,79,240,160,0
PalaceOfWinds,0811DC92,80,69,240,320,0
PalaceOfWinds,0811DC92,20,167,720,320,0
PalaceOfWinds,0811DC92,65,167,720,480,0
PalaceOfWinds,0811DC92,20,187,240,480,0
PalaceOfWinds,0811DC92,35,187,480,160,0
PalaceOfWinds,0811DC92,20,217,480,320,0
PalaceOfWinds,0811DC92,50,217,240,320,0
PalaceOfWinds,0811DC92,35,197,720,320,0
PalaceOfWinds,0811DC92,20,305,480,320,0
PalaceOfWinds,0811DC92,80,325,240,320,0
PalaceOfWinds,0811DC92,20,325,240,640,0
PalaceOfWinds,0811DC92,35,345,480,320,0
PalaceOfWinds,0811DC92,65,345,480,320,0
PalaceOfWinds,0811DC92,35,325,240,160,0
PalaceOfWinds,0811DC92,50,325,240,160,0
PalaceOfWinds,0811DC92,65,325,240,160,0
PalaceOfWinds,0811DC92,35,335,240,160,0
PalaceOfWinds,0811DC92,50,335,240,160,0
PalaceOfWinds,0811DC92,65,335,240,160,0
PalaceOfWinds,0811DC92,20,423,720,480,0
PalaceOfWinds,0811DC92,65,423,480,480,0
PalaceOfWinds,0811DC92,35,473,240,320,0
PalaceOfWinds,0811DC92,50,473,480,320,0
PalaceOfWinds,0811DC92,35,453,240,160,0
PalaceOfWinds,0811DC92,50,453,240,160,0
PalaceOfWinds,0811DC92,65,453,240,160,0
PalaceOfWinds,0811DC92,35,463,240,160,0
PalaceOfWinds,0811DC92,50,463,240,160,0
PalaceOfWinds,0811DC92,65,463,240,160,0
PalaceOfWinds,0811DC92,20,473,240,320,0
PalaceOfWinds,0811DC92,20,551,480,480,0
PalaceOfWinds,0811DC92,50,551,480,480,0
PalaceOfWinds,0811DC92,80,561,272,640,0
PalaceOfWinds,0811DC92,50,601,240,160,0
PalaceOfWinds,0811DC92,65,601,512,320,0
PalaceOfWinds,0811DC92,65,621,720,176,0
PalaceOfWinds,0811DC92,35,581,720,320,0
PalaceOfWindsBoss,0811DE92,32,32,1024,1008,0
77,0811DE9E,34,21,640,832,0
Sanctuary,0811DEAA,10,66,400,560,0
Sanctuary,0811DEAA,8,26,464,640,0
Sanctuary,0811DEAA,13,4,304,352,0
7F,0811DECA,24,11,640,640,0
HyruleCastle,0811DED6,19,56,432,592,0
HyruleCastle,0811DED6,17,23,496,528,0
HyruleCastle,0811DED6,24,1,272,352,0
HyruleCastle,0811DED6,57,25,560,736,0
HyruleCastle,0811DED6,41,2,272,240,0
SanctuaryEntrance,0811DF0A,0,0,272,432,0
87,0811DF16,4,3,624,800,0
DarkHyruleCastle,0811DF22,39,339,816,576,0
DarkHyruleCastle,0811DF22,22,11,272,208,0
DarkHyruleCastle,0811DF22,90,11,272,208,0
DarkHyruleCastle,0811DF22,22,96,272,208,0
DarkHyruleCastle,0811DF22,90,96,272,208,0
DarkHyruleCastle,0811DF22,54,24,336,416,0
DarkHyruleCastle,0811DF22,54,8,336,256,0
DarkHyruleCastle,0811DF22,22,139,272,416,0
DarkHyruleCastle,0811DF22,39,139,272,416,0
DarkHyruleCastle,0811DF22,56,137,272,240,0
DarkHyruleCastle,0811DF22,56,152,272,208,0
DarkHyruleCastle,0811DF22,73,139,272,208,0
DarkHyruleCastle,0811DF22,73,152,272,208,0
DarkHyruleCastle,0811DF22,90,139,272,208,0
DarkHyruleCastle,0811DF22,39,165,272,208,0
DarkHyruleCastle,0811DF22,56,165,272,208,0
DarkHyruleCastle,0811DF22,73,165,272,208,0
DarkHyruleCastle,0811DF22,39,178,272,320,0
DarkHyruleCastle,0811DF22,73,178,272,320,0
DarkHyruleCastle,0811DF22,39,198,272,208,0
DarkHyruleCastle,0811DF22,56,198,272,208,0
DarkHyruleCastle,0811DF22,73,198,272,208,0
DarkHyruleCastle,0811DF22,39,211,272,208,0
DarkHyruleCastle,0811DF22,56,211,272,416,0
DarkHyruleCastle,0811DF22,73,211,272,416,0
DarkHyruleCastle,0811DF22,22,224,272,208,0
DarkHyruleCastle,0811DF22,39,224,272,208,0
DarkHyruleCastle,0811DF22,0,0,272,208,0
DarkHyruleCastle,0811DF22,56,454,272,208,0
DarkHyruleCastle,0811DF22,90,211,272,416,0
DarkHyruleCastle,0811DF22,22,267,272,208,0
DarkHyruleCastle,0811DF22,56,267,272,208,0
DarkHyruleCastle,0811DF22,73,267,272,208,0
DarkHyruleCastle,0811DF22,90,267,272,208,0
DarkHyruleCastle,0811DF22,56,280,272,208,0
DarkHyruleCastle,0811DF22,39,293,272,208,0
DarkHyruleCastle,0811DF22,56,293,272,208,0
DarkHyruleCastle,0811DF22,73,293,272,208,0
DarkHyruleCastle,0811DF22,39,306,272,320,0
DarkHyruleCastle,0811DF22,73,306,272,320,0
DarkHyruleCastle,0811DF22,39,326,272,208,0
DarkHyruleCastle,0811DF22,56,326,272,208,0
DarkHyruleCastle,0811DF22,73,326,272,208,0
DarkHyruleCastle,0811DF22,22,352,272,208,0
DarkHyruleCastle,0811DF22,90,352,272,208,0
DarkHyruleCastle,0811DF22,56,395,272,208,0
DarkHyruleCastle,0811DF22,73,395,272,208,0
DarkHyruleCastle,0811DF22,56,408,272,208,0
DarkHyruleCastle,0811DF22,39,421,272,208,0
DarkHyruleCastle,0811DF22,56,421,272,208,0
DarkHyruleCastle,0811DF22,73,421,272,208,0
DarkHyruleCastle,0811DF22,39,434,272,320,0
DarkHyruleCastle,0811DF22,73,434,272,320,0
DarkHyruleCastle,0811DF22,39,454,272,208,0
DarkHyruleCastle,0811DF22,73,454,272,208,0
DarkHyruleCastle,0811DF22,39,467,816,416,0
DarkHyruleCastle,0811DF22,39,549,272,240,0
DarkHyruleCastle,0811DF22,56,549,544,240,0
DarkHyruleCastle,0811DF22,39,564,272,288,0
DarkHyruleCastleOutside,0811E172,57,13,240,400,0
DarkHyruleCastleOutside,0811E172,56,50,272,432,0
DarkHyruleCastleOutside,0811E172,22,11,272,416,0
DarkHyruleCastleOutside,0811E172,90,11,272,624,0
DarkHyruleCastleOutside,0811E172,90,50,272,320,0
DarkHyruleCastleOutside,0811E172,22,96,272,416,0
DarkHyruleCastleOutside,0811E172,39,96,816,416,0
DarkHyruleCastleOutside,0811E172,90,70,272,832,0
VaatisArms,0811E1C4,0,0,304,224,0
VaatisArms,0811E1C4,22,0,304,224,0
VaatisArms,0811E1C4,44,0,304,224,0
Vaati3,0811E1E4,0,0,352,240,0
Vaati2,0811E1F0,17,13,352,240,0
DarkHyruleCastleBridge,0811E1FC,0,0,272,320,0
8F,0811E208,0,0,640,800,0
